{
    "0": {
        "precision": 0.8634538152610441,
        "recall": 0.8704453441295547,
        "f1-score": 0.8669354838709677,
        "support": 247.0
    },
    "1": {
        "precision": 0.28888888888888886,
        "recall": 0.2765957446808511,
        "f1-score": 0.2826086956521739,
        "support": 47.0
    },
    "accuracy": 0.7755102040816326,
    "macro avg": {
        "precision": 0.5761713520749665,
        "recall": 0.5735205444052028,
        "f1-score": 0.5747720897615708,
        "support": 294.0
    },
    "weighted avg": {
        "precision": 0.7716015991403254,
        "recall": 0.7755102040816326,
        "f1-score": 0.7735226979992558,
        "support": 294.0
    },
    "roc_auc": 0.6623309501249032
}